<?xml version="1.0" encoding="utf-8"?>
<extension type="module" version="3.0.2" method="upgrade" client="site">
	<name>Jock Rotator</name>
	<version>3.0.1</version>
	<creationDate>May 2007</creationDate>
	<author>Greg Rickaby</author>
	<authorEmail>gregrickaby@gmail.com</authorEmail>
	<authorUrl>http://www.gregrickaby.com</authorUrl>
	<license>http://www.gnu.org/copyleft/gpl.html GNU/GPL</license>
	<copyright>(C) 2007-2013 Greg Rickaby. All rights reserved.</copyright>
	<description>An easy way to display the current on-air DJ. Simply put this into any module position and then customize mod_jock.php.</description>
	<files>
		<filename module="mod_jock">mod_jock.php</filename>
	</files>
	<config>
		<fields name="params">
			<fieldset name="basic">
				<field name="cache" type="list" default="0" label="Caching" description="Select whether to cache the content of this module">
					<option value="0">Never</option>
				</field>
				<field name="moduleclass_sfx" type="text" default="jock-rotator" label="Module Class Suffix" description="PARAMMODULECLASSSUFFIX" />
			</fieldset>
		</fields>
	</config>
</extension>
